trace,algorithm,frames,page_faults,fault_rate,hit_rate,sim_time
bzip.trace,rand,1,629737,0.629737,0.370263,0.089238
bzip.trace,rand,2,240953,0.240953,0.759047,0.079713
bzip.trace,rand,4,131498,0.131498,0.868502,0.079723
bzip.trace,rand,8,43880,0.043880,0.956120,0.074078
bzip.trace,rand,16,4503,0.004503,0.995497,0.071725
bzip.trace,rand,32,2601,0.002601,0.997399,0.069360
bzip.trace,rand,64,1601,0.001601,0.998399,0.076908
bzip.trace,rand,128,952,0.000952,0.999048,0.070919
bzip.trace,rand,256,409,0.000409,0.999591,0.066314
bzip.trace,rand,512,317,0.000317,0.999683,0.067868
bzip.trace,rand,1024,317,0.000317,0.999683,0.066122
bzip.trace,fifo,512,317,0.000317,0.999683,0.069216
bzip.trace,fifo,1024,317,0.000317,0.999683,0.066825
bzip.trace,lru,1,629737,0.629737,0.370263,0.073749
bzip.trace,lru,2,154429,0.154429,0.845571,0.073997
bzip.trace,lru,4,92770,0.092770,0.907230,0.066140
bzip.trace,lru,8,30691,0.030691,0.969309,0.069397
bzip.trace,lru,16,3344,0.003344,0.996656,0.075158
bzip.trace,lru,32,2133,0.002133,0.997867,0.071797
bzip.trace,lru,64,1264,0.001264,0.998736,0.067085
bzip.trace,lru,128,771,0.000771,0.999229,0.071748
bzip.trace,lru,256,397,0.000397,0.999603,0.068544
bzip.trace,lru,512,317,0.000317,0.999683,0.080681
bzip.trace,lru,1024,317,0.000317,0.999683,0.066799
bzip.trace,clockAlg,1,629737,0.629737,0.370263,0.085230
bzip.trace,clockAlg,2,228838,0.228838,0.771162,0.069274
bzip.trace,clockAlg,4,111442,0.111442,0.888558,0.073756
bzip.trace,clockAlg,8,46164,0.046164,0.953836,0.068636
bzip.trace,clockAlg,16,3468,0.003468,0.996532,0.065551
bzip.trace,clockAlg,32,2203,0.002203,0.997797,0.068122
bzip.trace,clockAlg,64,1318,0.001318,0.998682,0.070275
bzip.trace,clockAlg,128,802,0.000802,0.999198,0.071619
bzip.trace,clockAlg,256,432,0.000432,0.999568,0.073671
bzip.trace,clockAlg,512,317,0.000317,0.999683,0.068281
bzip.trace,clockAlg,1024,317,0.000317,0.999683,0.070188
gcc.trace,rand,1,716106,0.716106,0.283894,0.096519
gcc.trace,rand,2,467498,0.467498,0.532502,0.087515
gcc.trace,rand,4,315914,0.315914,0.684086,0.081925
gcc.trace,rand,8,217453,0.217453,0.782547,0.086003
gcc.trace,rand,16,150561,0.150561,0.849439,0.084856
gcc.trace,rand,32,106555,0.106555,0.893445,0.087372
gcc.trace,rand,64,75179,0.075179,0.924821,0.075112
gcc.trace,rand,128,51432,0.051432,0.948568,0.079539
gcc.trace,rand,256,32033,0.032033,0.967967,0.077012
gcc.trace,rand,512,16491,0.016491,0.983509,0.080727
gcc.trace,rand,1024,7217,0.007217,0.992783,0.077122
gcc.trace,lru,1,716106,0.716106,0.283894,0.079418
gcc.trace,lru,2,403955,0.403955,0.596045,0.082311
gcc.trace,lru,4,243809,0.243809,0.756191,0.082933
gcc.trace,lru,8,171186,0.171186,0.828814,0.080403
gcc.trace,lru,16,116604,0.116604,0.883396,0.084319
gcc.trace,lru,32,84401,0.084401,0.915599,0.083633
gcc.trace,lru,64,59089,0.059089,0.940911,0.083870
gcc.trace,lru,128,40821,0.040821,0.959179,0.085120
gcc.trace,lru,256,25308,0.025308,0.974692,0.087147
gcc.trace,lru,512,10425,0.010425,0.989575,0.082123
gcc.trace,lru,1024,4391,0.004391,0.995609,0.081293
gcc.trace,clockAlg,1,716106,0.716106,0.283894,0.084464
gcc.trace,clockAlg,2,460912,0.460912,0.539088,0.085149
gcc.trace,clockAlg,4,276968,0.276968,0.723032,0.082897
gcc.trace,clockAlg,8,181856,0.181856,0.818144,0.081603
gcc.trace,clockAlg,16,121682,0.121682,0.878318,0.080038
gcc.trace,clockAlg,32,87686,0.087686,0.912314,0.079955
gcc.trace,clockAlg,64,61640,0.061640,0.938360,0.076039
gcc.trace,clockAlg,128,43017,0.043017,0.956983,0.075467
gcc.trace,clockAlg,256,26789,0.026789,0.973211,0.073390
gcc.trace,clockAlg,512,11472,0.011472,0.988528,0.070805
gcc.trace,clockAlg,1024,4765,0.004765,0.995235,0.079682
sixpack.trace,rand,1,792379,0.792379,0.207621,0.095431
sixpack.trace,rand,2,541767,0.541767,0.458233,0.091169
sixpack.trace,rand,4,354929,0.354929,0.645071,0.089302
sixpack.trace,rand,8,230311,0.230311,0.769689,0.078353
sixpack.trace,rand,16,145368,0.145368,0.854632,0.073848
sixpack.trace,rand,32,88667,0.088667,0.911333,0.075614
sixpack.trace,rand,64,51937,0.051937,0.948063,0.072793
sixpack.trace,rand,128,29161,0.029161,0.970839,0.076110
sixpack.trace,rand,256,15915,0.015915,0.984085,0.075901
sixpack.trace,rand,512,8848,0.008848,0.991152,0.072517
sixpack.trace,rand,1024,5934,0.005934,0.994066,0.076509
sixpack.trace,fifo,4,791134,0.791134,0.208866,0.079488
sixpack.trace,fifo,8,791062,0.791062,0.208938,0.078721
sixpack.trace,fifo,64,772374,0.772374,0.227626,0.085631
sixpack.trace,fifo,128,722048,0.722048,0.277952,0.079933
sixpack.trace,lru,1,792379,0.792379,0.207621,0.081408
sixpack.trace,lru,2,483161,0.483161,0.516839,0.090900
sixpack.trace,lru,4,282620,0.282620,0.717380,0.086255
sixpack.trace,lru,8,176496,0.176496,0.823504,0.084432
sixpack.trace,lru,16,108682,0.108682,0.891318,0.080875
sixpack.trace,lru,32,67747,0.067747,0.932253,0.083844
sixpack.trace,lru,64,41186,0.041186,0.958814,0.081494
sixpack.trace,lru,128,21090,0.021090,0.978910,0.081807
sixpack.trace,lru,256,11240,0.011240,0.988760,0.079165
sixpack.trace,lru,512,5823,0.005823,0.994177,0.081533
sixpack.trace,lru,1024,4468,0.004468,0.995532,0.079430
sixpack.trace,clockAlg,1,792379,0.792379,0.207621,0.083118
sixpack.trace,clockAlg,2,529237,0.529237,0.470763,0.089743
sixpack.trace,clockAlg,4,329368,0.329368,0.670632,0.089104
sixpack.trace,clockAlg,8,191760,0.191760,0.808240,0.081625
sixpack.trace,clockAlg,16,115206,0.115206,0.884794,0.081557
sixpack.trace,clockAlg,32,70849,0.070849,0.929151,0.079008
sixpack.trace,clockAlg,64,41949,0.041949,0.958051,0.080983
sixpack.trace,clockAlg,128,23229,0.023229,0.976771,0.079809
sixpack.trace,clockAlg,256,11876,0.011876,0.988124,0.077598
sixpack.trace,clockAlg,512,6119,0.006119,0.993881,0.076151
sixpack.trace,clockAlg,1024,4618,0.004618,0.995382,0.072851
swim.trace,rand,1,763444,0.763444,0.236556,0.094041
swim.trace,rand,2,557211,0.557211,0.442789,0.096229
swim.trace,rand,4,428507,0.428507,0.571493,0.094612
swim.trace,rand,8,320951,0.320951,0.679049,0.085117
swim.trace,rand,16,194975,0.194975,0.805025,0.082504
swim.trace,rand,32,83817,0.083817,0.916183,0.074979
swim.trace,rand,64,35342,0.035342,0.964658,0.074999
swim.trace,rand,128,18009,0.018009,0.981991,0.075771
swim.trace,rand,256,9305,0.009305,0.990695,0.071311
swim.trace,rand,512,5183,0.005183,0.994817,0.077144
swim.trace,rand,1024,3482,0.003482,0.996518,0.079172
swim.trace,lru,1,763444,0.763444,0.236556,0.096014
swim.trace,lru,2,470679,0.470679,0.529321,0.092512
swim.trace,lru,4,346936,0.346936,0.653064,0.084175
swim.trace,lru,8,285375,0.285375,0.714625,0.090617
swim.trace,lru,16,171961,0.171961,0.828039,0.094879
swim.trace,lru,32,48254,0.048254,0.951746,0.083339
swim.trace,lru,64,21656,0.021656,0.978344,0.080940
swim.trace,lru,128,13250,0.013250,0.986750,0.082906
swim.trace,lru,256,5673,0.005673,0.994327,0.088964
swim.trace,lru,512,3632,0.003632,0.996368,0.079974
swim.trace,lru,1024,2803,0.002803,0.997197,0.091134
swim.trace,clockAlg,1,763444,0.763444,0.236556,0.093230
swim.trace,clockAlg,2,541458,0.541458,0.458542,0.089691
swim.trace,clockAlg,4,380682,0.380682,0.619318,0.085740
swim.trace,clockAlg,8,293519,0.293519,0.706481,0.091475
swim.trace,clockAlg,16,191848,0.191848,0.808152,0.113981
swim.trace,clockAlg,32,53025,0.053025,0.946975,0.086026
swim.trace,clockAlg,64,22611,0.022611,0.977389,0.080133
swim.trace,clockAlg,128,15275,0.015275,0.984725,0.079694
swim.trace,clockAlg,256,5980,0.005980,0.994020,0.073289
swim.trace,clockAlg,512,3795,0.003795,0.996205,0.077044
swim.trace,clockAlg,1024,2901,0.002901,0.997099,0.082954
